<?xml version="1.0" encoding="UTF-8"?>
<!DOCTYPE mapper PUBLIC "-//mybatis.org//DTD Mapper 3.0//EN"
    "http://mybatis.org/dtd/mybatis-3-mapper.dtd">
<mapper namespace="com.example.jsonExam.community.post.PostMapper">

    <!-- ✅ 필드 매핑 -->
    <resultMap id="postResultMap" type="com.example.jsonExam.community.post.PostDTO">
    <id property="id" column="id"/>
    <result property="title" column="title"/>
    <result property="content" column="content"/>
    <result property="author" column="author"/>
    <result property="createdAt" column="created_at" javaType="java.sql.Timestamp"/>
   </resultMap>

    <!-- ✅ 게시글 목록 조회 -->
    <select id="getAllPosts" resultMap="postResultMap">
    SELECT * FROM posts ORDER BY createdAt DESC;
</select>

    <!-- ✅ 특정 게시글 조회 -->
    <select id="getPostById" parameterType="int" resultMap="postResultMap">
        SELECT * FROM posts WHERE id = #{id};
    </select>

    <!-- ✅ 게시글 작성 -->
    <insert id="createPost" parameterType="com.example.jsonExam.community.post.PostDTO">
    INSERT INTO posts (title, content, author, createdAt)
    VALUES (#{title}, #{content}, #{author}, NOW());
</insert>

    <!-- ✅ 게시글 수정 -->
    <update id="updatePost" parameterType="com.example.jsonExam.community.post.PostDTO">
        UPDATE posts SET title = #{title}, content = #{content} WHERE id = #{id};
    </update>

    <!-- ✅ 게시글 삭제 -->
    <delete id="deletePost" parameterType="int">
        DELETE FROM posts WHERE id = #{id};
    </delete>

</mapper>