<?xml version="1.0" encoding="UTF-8" ?>
<!DOCTYPE mapper
  PUBLIC "-//mybatis.org//DTD Mapper 3.0//EN"
  "http://mybatis.org/dtd/mybatis-3-mapper.dtd">

<mapper namespace="com.example.jsonExam.community.commentlike.CommentLikeMapper">

    <!-- 좋아요 추가 -->
    <insert id="likeComment" parameterType="com.example.jsonExam.community.commentlike.CommentLikeDTO">
        INSERT INTO comment_likes (comment_id, ip_address)
        VALUES (#{commentId}, #{ip})
    </insert>

    <!-- 좋아요 취소 -->
    <delete id="unlikeComment" parameterType="com.example.jsonExam.community.commentlike.CommentLikeDTO">
        DELETE FROM comment_likes
        WHERE comment_id = #{commentId}
          AND ip_address = #{ip}
    </delete>

    <!-- 좋아요 여부 확인 -->
    <select id="exists" resultType="boolean" parameterType="com.example.jsonExam.community.commentlike.CommentLikeDTO">
        SELECT COUNT(*) > 0
        FROM comment_likes
        WHERE comment_id = #{commentId}
          AND ip_address = #{ip}
    </select>

    <!-- 좋아요 수 조회 -->
    <select id="getLikeCount" resultType="int" parameterType="int">
        SELECT COUNT(*)
        FROM comment_likes
        WHERE comment_id = #{commentId}
    </select>

</mapper>
