<?xml version="1.0" encoding="UTF-8"?>
<!DOCTYPE mapper PUBLIC "-//mybatis.org//DTD Mapper 3.0//EN"
    "http://mybatis.org/dtd/mybatis-3-mapper.dtd">
<mapper namespace="com.example.jsonExam.community.comment.CommentMapper">

    <!-- ✅ 필드 매핑 -->
    <resultMap id="commentResultMap" type="com.example.jsonExam.community.comment.CommentDTO">
    <id property="id" column="id"/>
    <result property="postId" column="postId"/>
    <result property="author" column="author"/>
    <result property="content" column="content"/>
    <result property="createAt" column="created_at" javaType="java.sql.Timestamp"/>
   </resultMap>

    <!-- ✅ 댓글 조회 -->
    <select id="getCommentsByPostId" resultMap="commentResultMap" parameterType="int">
      SELECT * FROM comments WHERE postId = #{postId} ORDER BY createdAt DESC;
    </select>

    <!-- ✅ 댓글 추가 -->
    <insert id="addComment" parameterType="com.example.jsonExam.community.post.PostDTO">
      INSERT  INTO comments (postId, author, content, createdAt)
      VALUES (#{postId}, #{author}, #{content}, NOW());
    </insert>

    <!-- ✅ 댓글 삭제 -->
    <delete id="deleteComment" parameterType="int">
      DELETE FROM comments WHERE id = #{id};
    </delete>

</mapper>