<?xml version="1.0" encoding="UTF-8" ?>
<!DOCTYPE mapper
  PUBLIC "-//mybatis.org//DTD Mapper 3.0//EN"
  "http://mybatis.org/dtd/mybatis-3-mapper.dtd">

<mapper namespace="com.example.jsonExam.community.like.LikeMapper">

    <!-- 좋아요 추가 -->
    <insert id="likePost" parameterType="com.example.jsonExam.community.like.LikeDTO">
        INSERT INTO post_likes (post_id, ip_address)
        VALUES (#{postId}, #{ip})
    </insert>

    <!-- 좋아요 취소 -->
    <delete id="unlikePost" parameterType="com.example.jsonExam.community.like.LikeDTO">
        DELETE FROM post_likes
        WHERE post_id = #{postId}
          AND ip_address = #{ip}
    </delete>

    <!-- 좋아요 수 조회 -->
    <select id="getLikeCount" resultType="int" parameterType="int">
        SELECT COUNT(*) FROM post_likes WHERE post_id = #{postId}
    </select>

    <!-- 좋아요 여부 확인 (중복 방지용) -->
    <select id="exists" resultType="boolean" parameterType="com.example.jsonExam.community.like.LikeDTO">
        SELECT COUNT(*) > 0
        FROM post_likes
        WHERE post_id = #{postId}
          AND ip_address = #{ip}
    </select>

</mapper>
